/*
SQLyog Ultimate v12.08 (64 bit)
MySQL - 8.0.33 : Database - nep
*********************************************************************
*/


/*!40101 SET NAMES utf8 */;

/*!40101 SET SQL_MODE=''*/;

/*!40014 SET @OLD_UNIQUE_CHECKS=@@UNIQUE_CHECKS, UNIQUE_CHECKS=0 */;
/*!40014 SET @OLD_FOREIGN_KEY_CHECKS=@@FOREIGN_KEY_CHECKS, FOREIGN_KEY_CHECKS=0 */;
/*!40101 SET @OLD_SQL_MODE=@@SQL_MODE, SQL_MODE='NO_AUTO_VALUE_ON_ZERO' */;
/*!40111 SET @OLD_SQL_NOTES=@@SQL_NOTES, SQL_NOTES=0 */;
CREATE DATABASE /*!32312 IF NOT EXISTS*/`nepm` /*!40100 DEFAULT CHARACTER SET utf8mb3 */ /*!80016 DEFAULT ENCRYPTION='N' */;

USE `nepm`;

/*Table structure for table `admins` */

DROP TABLE IF EXISTS `admins`;

CREATE TABLE `admins` (
  `admin_id` int NOT NULL AUTO_INCREMENT,
  `admin_code` varchar(20) DEFAULT NULL COMMENT '管理员编号',
  `password` varchar(20) DEFAULT NULL COMMENT '登陆密码',
  `remarks` varchar(100) DEFAULT NULL COMMENT '备注',
  PRIMARY KEY (`admin_id`)
) ENGINE=InnoDB AUTO_INCREMENT=3 DEFAULT CHARSET=utf8mb3 COMMENT='系统管理员表';

/*Data for the table `admins` */

insert  into `admins`(`admin_id`,`admin_code`,`password`,`remarks`) values (1,'admin','123456','管理员1'),(2,'admin','123456','管理员2');

/*Table structure for table `aqi` */

DROP TABLE IF EXISTS `aqi`;

CREATE TABLE `aqi` (
  `id` int NOT NULL AUTO_INCREMENT,
  `level` varchar(255) NOT NULL COMMENT '空气质量指数级别等级',
  `category` varchar(255) NOT NULL COMMENT '空气质量指数类别',
  `aqiExplain` varchar(255) NOT NULL COMMENT '空气质量指数级别描述',
  `color` varchar(255) NOT NULL COMMENT '表示颜色',
  `impact` varchar(255) NOT NULL COMMENT '健康影响情况',
  `step` varchar(255) NOT NULL COMMENT '采取的建议',
  `so2Min` int NOT NULL COMMENT '级别最低so2浓度',
  `so2Max` int NOT NULL COMMENT '级别最高so2浓度',
  `coMin` int NOT NULL COMMENT '级别最低co浓度',
  `coMax` int NOT NULL COMMENT '级别最高co浓度',
  `spmMin` int NOT NULL COMMENT '级别最低PM2.5浓度',
  `spmMax` int NOT NULL COMMENT '级别最高PM2.5浓度',
  `iaqiMin` int NOT NULL COMMENT '级别最低AQI',
  `iaqiMax` int NOT NULL COMMENT '级别最高AQI',
  `remark` varchar(255) DEFAULT NULL COMMENT '备注',
  PRIMARY KEY (`id`) USING BTREE
) ENGINE=InnoDB AUTO_INCREMENT=7 DEFAULT CHARSET=utf8mb4 COLLATE=utf8mb4_0900_ai_ci ROW_FORMAT=DYNAMIC;

/*Data for the table `aqi` */

insert  into `aqi`(`id`,`level`,`category`,`aqiExplain`,`color`,`impact`,`step`,`so2Min`,`so2Max`,`coMin`,`coMax`,`spmMin`,`spmMax`,`iaqiMin`,`iaqiMax`,`remark`) values (1,'一级','优','空气质量令人满意，基本无空气污染对健康没有危害。','绿色','空气质量令人满意，基本无空气污染。','各类人群可多参加户外活动，多呼吸一下清新的空气。',0,50,0,2,0,35,0,50,''),(2,'二级','良好','除少数对某些污染物特别敏感的人群外，不会对人体健康产生危害。','黄色','空气质量可接受，但某些污染物可能对极少数异常敏感人群健康有较弱影响。','除少数对某些污染物特别容易过敏的人群外，其他人群可以正常进行室外活动。',50,150,3,5,36,75,50,100,''),(3,'三级','轻度污染','敏感人群症状会有轻度加剧，对健康人群没有明显影响。','橙色','易感人群症状有轻度加剧，健康人群出现刺激症状。','儿童、老年人及心脏病、呼吸系统疾病患者应尽量减少体力消耗大的户外活动。',150,475,6,14,76,115,100,150,''),(4,'四级','中度污染','敏感人群症状进一步加剧，可能对健康人群的心脏、呼吸系统有影响。','红色','进一步加剧易感人群症状，可能对健康人群心脏、呼吸系统有影响。','儿童、老年人及心脏病、呼吸系统疾病患者应尽量减少外出，停留在室内，一般人群应适量减少户外运动。',475,800,15,24,116,150,150,200,''),(5,'五级','重度污染','空气状况很差，会对每个人的健康都产生比较严重的危害。','紫色','心脏病和肺病患者症状显著加剧，运动耐受力降低，健康人群普遍出现症状。','儿童、老年人及心脏病、肺病患者应停留在室内，停止户外运动，一般人群尽量减少户外运动。',800,1600,25,36,151,250,200,300,''),(6,'六级','严重污染','空气状况极差，所有人的健康都会受到严重危害。','红褐色','健康人群运动耐受力降低，有明显强烈症状，提前出现某些疾病。','儿童、老年人和病人应停留在室内，避免体力消耗，除有特殊需要的人群外，一般人群尽量不要停留在室外。',1600,2620,37,60,251,500,300,500,'');

/*Table structure for table `feedback` */

DROP TABLE IF EXISTS `feedback`;

CREATE TABLE `feedback` (
  `id` int NOT NULL AUTO_INCREMENT,
  `sId` int DEFAULT '0' COMMENT '公共监督员编号',
  `pId` int DEFAULT '0' COMMENT '反馈信息所在省编号',
  `cId` int DEFAULT '0' COMMENT '所在市区编号',
  `tId` int DEFAULT '0' COMMENT '县（区）编号',
  `address` varchar(255) DEFAULT NULL COMMENT '详细地址',
  `estimatedGrade` int DEFAULT '1' COMMENT '预估等级',
  `info` varchar(255) DEFAULT NULL COMMENT '反馈信息描述',
  `fDate` date DEFAULT NULL COMMENT '反馈日期',
  `fTime` time DEFAULT NULL COMMENT '反馈时间',
  `gId` int DEFAULT NULL COMMENT '指派的网格员编号',
  `assignDate` date DEFAULT NULL COMMENT '指派日期',
  `assignTime` time DEFAULT NULL COMMENT '指派时间',
  `state` int NOT NULL DEFAULT '0' COMMENT '信息状态：\r\n0：未指派，\r\n1：已指派，\r\n2：已确认',
  PRIMARY KEY (`id`) USING BTREE
) ENGINE=InnoDB AUTO_INCREMENT=62 DEFAULT CHARSET=utf8mb4 COLLATE=utf8mb4_0900_ai_ci ROW_FORMAT=DYNAMIC;

/*Data for the table `feedback` */

insert  into `feedback`(`id`,`sId`,`pId`,`cId`,`tId`,`address`,`estimatedGrade`,`info`,`fDate`,`fTime`,`gId`,`assignDate`,`assignTime`,`state`) values (36,5,19,47,48,'111',3,'2','2024-07-11','22:10:34',16,'2024-07-11','22:10:55',2),(37,5,21,118,119,'111',5,'222','2024-07-11','22:16:14',16,'2024-07-11','22:16:41',2),(38,5,38,92,355,'1111',6,'1111','2024-07-11','23:37:23',16,'2024-07-11','23:52:52',2),(39,5,22,144,130,'去11',6,'2','2024-07-11','23:49:21',16,'2024-07-11','23:52:47',2),(40,5,19,47,220,'11',3,'2','2024-07-11','23:49:31',16,'2024-07-11','23:52:43',2),(41,5,1,4,9,'22',3,'222','2024-07-11','23:49:42',2,'2024-07-11','23:49:42',1),(42,5,21,118,119,'22',3,'2','2024-07-11','23:50:01',16,'2024-07-11','23:52:31',2),(43,5,2,5,125,'222',3,'22','2024-07-11','23:50:33',16,'2024-07-11','23:52:28',2),(44,5,2,5,124,'12',3,'2','2024-07-11','23:50:45',16,'2024-07-11','23:52:24',2),(45,5,25,51,233,'3',3,NULL,'2024-07-11','23:50:56',16,'2024-07-11','23:52:21',2),(46,5,25,51,52,'22',3,NULL,'2024-07-11','23:51:06',16,'2024-07-11','23:52:17',2),(47,5,25,51,232,'22',3,'2','2024-07-11','23:51:15',16,'2024-07-11','23:52:11',2),(48,5,25,51,52,'5',3,'5','2024-07-11','23:51:26',16,'2024-07-11','23:52:06',2),(49,5,25,51,52,'55',5,'55','2024-07-11','23:51:37',16,'2024-07-11','23:51:57',2),(50,5,38,92,355,'2',3,'2','2024-07-11','23:56:11',16,'2024-07-11','23:59:27',2),(51,5,38,92,354,'1',6,'2','2024-07-11','23:56:27',16,'2024-07-11','23:59:24',2),(52,5,38,92,353,'22',6,'2','2024-07-11','23:56:43',16,'2024-07-11','23:59:20',2),(53,5,38,92,353,'11',5,'2','2024-07-11','23:56:56',16,'2024-07-11','23:59:15',2),(54,5,38,92,353,NULL,6,'2','2024-07-11','23:57:09',16,'2024-07-11','23:59:11',2),(55,5,21,118,119,'2',4,NULL,'2024-07-11','23:57:17',16,'2024-07-11','23:59:07',2),(56,5,21,118,119,NULL,3,NULL,'2024-07-11','23:57:25',16,'2024-07-11','23:59:04',2),(57,5,21,118,119,NULL,6,NULL,'2024-07-11','23:57:35',16,'2024-07-11','23:59:01',2),(58,5,21,118,119,'2',4,NULL,'2024-07-11','23:57:43',16,'2024-07-11','23:58:58',2),(59,5,21,118,119,NULL,3,'2','2024-07-11','23:57:52',16,'2024-07-11','23:58:55',2),(60,5,21,118,119,'2',5,'2','2024-07-11','23:58:00',16,'2024-07-11','23:58:51',2),(61,5,21,118,119,NULL,3,NULL,'2024-07-11','23:58:08',16,'2024-07-11','23:58:45',2);

/*Table structure for table `feedbackstate` */

DROP TABLE IF EXISTS `feedbackstate`;

CREATE TABLE `feedbackstate` (
  `id` int NOT NULL,
  `state` varchar(255) DEFAULT NULL,
  PRIMARY KEY (`id`) USING BTREE
) ENGINE=InnoDB DEFAULT CHARSET=utf8mb4 COLLATE=utf8mb4_0900_ai_ci ROW_FORMAT=DYNAMIC;

/*Data for the table `feedbackstate` */

insert  into `feedbackstate`(`id`,`state`) values (0,'未指派'),(1,'已指派'),(2,'已确认');

/*Table structure for table `grid` */

DROP TABLE IF EXISTS `grid`;

CREATE TABLE `grid` (
  `id` int NOT NULL AUTO_INCREMENT,
  `name` varchar(255) NOT NULL COMMENT '省/市/县名称',
  `leaderId` int DEFAULT NULL COMMENT '上一级Id',
  PRIMARY KEY (`id`) USING BTREE
) ENGINE=InnoDB AUTO_INCREMENT=366 DEFAULT CHARSET=utf8mb4 COLLATE=utf8mb4_0900_ai_ci ROW_FORMAT=DYNAMIC;

/*Data for the table `grid` */

insert  into `grid`(`id`,`name`,`leaderId`) values (1,'北京市',0),(2,'河北省',0),(3,'山东省',0),(4,'市辖区',1),(5,'保定市',2),(6,'廊坊市',2),(7,'青岛市',3),(8,'德州市',3),(9,'东城区',4),(10,'朝阳区',4),(11,'莲池区',5),(12,'安国市',5),(13,'安次区',6),(14,'大城县',6),(15,'即墨区',7),(16,'胶州市',7),(17,'德城区',8),(18,'乐陵市',8),(19,'天津',0),(20,'山西',0),(21,'内蒙古',0),(22,'辽宁',0),(23,'吉林',0),(24,'黑龙江',0),(25,'上海',0),(26,'江苏',0),(27,'浙江',0),(28,'安徽',0),(29,'福建',0),(30,'江西',0),(31,'河南',0),(32,'湖北',0),(33,'湖南',0),(34,'广东',0),(35,'广西',0),(36,'海南',0),(37,'重庆',0),(38,'四川',0),(39,'贵州',0),(40,'云南',0),(41,'西藏',0),(42,'陕西',0),(43,'甘肃',0),(44,'青海',0),(45,'宁夏',0),(46,'新疆',0),(47,'市辖区',19),(48,'和平区',47),(49,'河东区',47),(50,'南开区',47),(51,'市辖区',25),(52,'黄浦区',51),(53,'徐汇区',51),(54,'长宁区',51),(55,'南京市',26),(56,'无锡市',26),(57,'徐州市',26),(58,'杭州市',27),(59,'宁波市',27),(60,'温州市',27),(61,'合肥市',28),(62,'芜湖市',28),(63,'蚌埠市',28),(64,'福州市',29),(65,'厦门市',29),(66,'泉州市',29),(67,'南昌市',30),(68,'九江市',30),(69,'赣州市',30),(70,'郑州市',31),(71,'开封市',31),(72,'洛阳市',31),(73,'武汉市',32),(74,'黄石市',32),(75,'十堰市',32),(76,'长沙市',33),(77,'株洲市',33),(78,'湘潭市',33),(79,'广州市',34),(80,'深圳市',34),(81,'珠海市',34),(82,'南宁市',35),(83,'柳州市',35),(84,'桂林市',35),(85,'海口市',36),(86,'三亚市',36),(87,'三沙市',36),(88,'市辖区',37),(89,'万州区',88),(90,'涪陵区',88),(91,'渝中区',88),(92,'成都市',38),(93,'自贡市',38),(94,'攀枝花市',38),(95,'贵阳市',39),(96,'六盘水市',39),(97,'遵义市',39),(98,'昆明市',40),(99,'曲靖市',40),(100,'玉溪市',40),(101,'拉萨市',41),(102,'日喀则市',41),(103,'昌都市',41),(104,'西安市',42),(105,'铜川市',42),(106,'宝鸡市',42),(107,'兰州市',43),(108,'嘉峪关市',43),(109,'金昌市',43),(110,'西宁市',44),(111,'海东市',44),(112,'银川市',45),(113,'石嘴山市',45),(114,'吴忠市',45),(115,'乌鲁木齐市',46),(116,'克拉玛依市',46),(117,'吐鲁番市',46),(118,'呼和浩特市',21),(119,'新城区',118),(120,'房山区',1),(121,'通州区',1),(122,'丰台区',1),(123,'宣化区',5),(124,'涿州市',5),(125,'定州市',5),(126,'香河县',6),(127,'三河市',6),(128,'大厂回族自治县',6),(129,'黄岛区',7),(130,'平度市',7),(131,'莱西市',7),(132,'宁津县',8),(133,'临邑县',8),(134,'夏津县',8),(135,'河西区',47),(136,'河北区',47),(137,'红桥区',47),(138,'榆次区',357),(139,'太谷县',357),(140,'祁县',357),(141,'潞城区',358),(142,'长子县',358),(143,'襄垣县',358),(144,'东河区',359),(145,'九原区',359),(146,'石拐区',359),(147,'松山区',360),(148,'元宝山区',360),(149,'阿鲁科尔沁旗',360),(150,'甘井子区',361),(151,'西岗区',361),(152,'沙河口区',361),(153,'沈河区',356),(154,'和平区',356),(155,'皇姑区',356),(156,'朝阳区',362),(157,'南关区',362),(158,'二道区',362),(159,'昌邑区',363),(160,'龙潭区',363),(161,'船营区',363),(162,'道里区',364),(163,'南岗区',364),(164,'香坊区',364),(165,'萨尔图区',365),(166,'龙凤区',365),(167,'让胡路区',365),(168,'浦东新区',51),(169,'闵行区',51),(170,'宝山区',51),(171,'玄武区',55),(172,'秦淮区',55),(173,'建邺区',55),(174,'锡山区',56),(175,'惠山区',56),(176,'滨湖区',56),(177,'鼓楼区',55),(178,'云龙区',56),(179,'贾汪区',56),(180,'拱墅区',58),(181,'西湖区',58),(182,'滨江区',58),(183,'鄞州区',59),(184,'镇海区',59),(185,'北仑区',59),(186,'鹿城区',60),(187,'龙湾区',60),(188,'瓯海区',60),(189,'瑶海区',61),(190,'庐阳区',61),(191,'蜀山区',61),(192,'镜湖区',62),(193,'弋江区',62),(194,'鸠江区',62),(195,'龙子湖区',63),(196,'蚌山区',63),(197,'禹会区',63),(198,'鼓楼区',64),(199,'台江区',64),(200,'仓山区',64),(201,'思明区',65),(202,'海沧区',65),(203,'湖里区',65),(204,'鲤城区',66),(205,'丰泽区',66),(206,'洛江区',66),(207,'东湖区',67),(208,'西湖区',67),(209,'青云谱区',67),(210,'濂溪区',68),(211,'浔阳区',68),(212,'柴桑区',68),(213,'章贡区',69),(214,'南康区',69),(215,'赣县区',69),(216,'中原区',70),(217,'二七区',70),(218,'管城回族区',70),(219,'龙亭区',71),(220,'顺河回族区',71),(221,'鼓楼区',71),(222,'老城区',72),(223,'西工区',72),(224,'瀍河回族区',72),(225,'江岸区',73),(226,'江汉区',73),(227,'硚口区',73),(228,'黄石港区',74),(229,'西塞山区',74),(230,'下陆区',74),(231,'茅箭区',75),(232,'张湾区',75),(233,'郧阳区',75),(234,'芙蓉区',76),(235,'天心区',76),(236,'岳麓区',76),(237,'荷塘区',77),(238,'芦淞区',77),(239,'石峰区',77),(240,'雨湖区',78),(241,'岳塘区',78),(242,'湘乡市',78),(243,'荔湾区',79),(244,'越秀区',79),(245,'海珠区',79),(246,'罗湖区',80),(247,'福田区',80),(248,'南山区',80),(249,'香洲区',81),(250,'斗门区',81),(251,'金湾区',81),(252,'兴宁区',82),(253,'青秀区',82),(254,'江南区',82),(255,'城中区',83),(256,'鱼峰区',83),(257,'柳南区',83),(258,'秀峰区',84),(259,'叠彩区',84),(260,'象山区',84),(261,'龙华区',85),(262,'秀英区',85),(263,'琼山区',85),(264,'吉阳区',86),(265,'崖州区',86),(266,'天涯区',86),(267,'西沙区',87),(268,'南沙区',87),(269,'中沙区',87),(276,'锦江区',92),(277,'青羊区',92),(278,'金牛区',92),(279,'自流井区',93),(280,'贡井区',93),(281,'大安区',93),(282,'东区',94),(283,'西区',94),(284,'仁和区',94),(285,'南明区',95),(286,'云岩区',95),(287,'花溪区',95),(288,'钟山区',96),(289,'六枝特区',96),(290,'水城县',96),(291,'红花岗区',97),(292,'汇川区',97),(293,'播州区',97),(294,'五华区',98),(295,'盘龙区',98),(296,'官渡区',98),(297,'麒麟区',99),(298,'马龙区',99),(299,'沾益区',99),(300,'红塔区',100),(301,'江川区',100),(302,'澄江市',100),(303,'城关区',101),(304,'堆龙德庆区',101),(305,'达孜区',101),(306,'桑珠孜区',102),(307,'南木林县',102),(308,'江孜县',102),(309,'卡若区',103),(310,'江达县',103),(311,'贡觉县',103),(312,'新城区',104),(313,'碑林区',104),(314,'莲湖区',104),(315,'王益区',105),(316,'印台区',105),(317,'耀州区',105),(318,'渭滨区',106),(319,'金台区',106),(320,'陈仓区',106),(321,'城关区',107),(322,'七里河区',107),(323,'西固区',107),(324,'镜铁区',108),(325,'长城区',108),(326,'雄关区',108),(327,'金川区',109),(328,'永昌县',109),(329,'西宁城中区',110),(330,'西宁城东区',110),(331,'西宁城西区',110),(332,'乐都区',111),(333,'平安区',111),(334,'民和回族土族自治县',111),(335,'兴庆区',112),(336,'金凤区',112),(337,'西夏区',112),(338,'大武口区',113),(339,'惠农区',113),(340,'平罗县',113),(341,'利通区',114),(342,'红寺堡区',114),(343,'盐池县',114),(344,'天山区',115),(345,'沙依巴克区',115),(346,'新市区',115),(347,'独山子区',116),(348,'克拉玛依区',116),(349,'白碱滩区',116),(350,'高昌区',117),(351,'鄯善县',117),(352,'托克逊县',117),(353,'赛罕区',118),(354,'回民区',118),(355,'玉泉区',118),(356,'沈阳市',22),(357,'晋中市',20),(358,'长治市',20),(359,'包头市',21),(360,'赤峰市',21),(361,'大连市',22),(362,'长春',23),(363,'吉林市',23),(364,'哈尔滨',24),(365,'大庆市',24);

/*Table structure for table `member` */

DROP TABLE IF EXISTS `member`;

CREATE TABLE `member` (
  `id` int NOT NULL AUTO_INCREMENT COMMENT '员工数据的唯一ID',
  `mname` varchar(5) DEFAULT '公众监督员' COMMENT '人员的真实姓名',
  `logid` varchar(18) DEFAULT 'nep' COMMENT '登录名',
  `logpwd` varchar(18) DEFAULT '666666' COMMENT '登录密码',
  `tel` char(11) DEFAULT '13674136186' COMMENT '手机号',
  `gender` char(1) DEFAULT '男' COMMENT '性别',
  `birthday` date DEFAULT NULL COMMENT '生日',
  `roleid` int DEFAULT '1' COMMENT '角色编码',
  `state` int DEFAULT '1' COMMENT '人员状态，默认为1：正常',
  PRIMARY KEY (`id`),
  UNIQUE KEY `member_id_uindex` (`id`)
) ENGINE=InnoDB AUTO_INCREMENT=4 DEFAULT CHARSET=utf8mb3 COMMENT='公共监督员、网格员、系统管理员的基本信息表';

/*Data for the table `member` */

insert  into `member`(`id`,`mname`,`logid`,`logpwd`,`tel`,`gender`,`birthday`,`roleid`,`state`) values (1,'东软集团','neusoft','666666','13674136186','男',NULL,1,1),(2,'东北大学','neu','666666','13674136186','男',NULL,2,1),(3,'Admin','admin','666666','13674136186','男',NULL,3,1);

/*Table structure for table `roles` */

DROP TABLE IF EXISTS `roles`;

CREATE TABLE `roles` (
  `id` int NOT NULL AUTO_INCREMENT COMMENT '角色信息唯一ID',
  `rname` varchar(10) DEFAULT '公共监督员' COMMENT '角色名称',
  `nbl` int DEFAULT '1' COMMENT '记录状态码，1：正常',
  `remark` varchar(50) DEFAULT '公众监督员可以是任何人' COMMENT '角色的说明',
  PRIMARY KEY (`id`),
  UNIQUE KEY `roles_id_uindex` (`id`)
) ENGINE=InnoDB AUTO_INCREMENT=4 DEFAULT CHARSET=utf8mb3 COMMENT='角色表';

/*Data for the table `roles` */

insert  into `roles`(`id`,`rname`,`nbl`,`remark`) values (1,'公众监督员',1,'公众监督员可以是任何人'),(2,'网格员',1,'属于部门的正式员工，可以对环境信息进行量化处理'),(3,'管理员',1,'管理网格员的工作');

/*Table structure for table `sex` */

DROP TABLE IF EXISTS `sex`;

CREATE TABLE `sex` (
  `id` int NOT NULL,
  `sex` varchar(255) DEFAULT NULL,
  PRIMARY KEY (`id`) USING BTREE
) ENGINE=InnoDB DEFAULT CHARSET=utf8mb4 COLLATE=utf8mb4_0900_ai_ci ROW_FORMAT=DYNAMIC;

/*Data for the table `sex` */

insert  into `sex`(`id`,`sex`) values (0,'男'),(1,'女');

/*Table structure for table `state` */

DROP TABLE IF EXISTS `state`;

CREATE TABLE `state` (
  `id` int NOT NULL,
  `state` varchar(255) DEFAULT NULL,
  PRIMARY KEY (`id`) USING BTREE
) ENGINE=InnoDB DEFAULT CHARSET=utf8mb4 COLLATE=utf8mb4_0900_ai_ci ROW_FORMAT=DYNAMIC;

/*Data for the table `state` */

insert  into `state`(`id`,`state`) values (0,'未指派'),(1,'已指派'),(2,'已确认');

/*Table structure for table `statistics` */

DROP TABLE IF EXISTS `statistics`;

CREATE TABLE `statistics` (
  `id` int NOT NULL AUTO_INCREMENT,
  `pId` int NOT NULL DEFAULT '0' COMMENT '省份id',
  `cId` int NOT NULL DEFAULT '0' COMMENT '城市id',
  `tId` int NOT NULL DEFAULT '0' COMMENT '县/区id',
  `address` varchar(255) NOT NULL DEFAULT '' COMMENT '详细地址',
  `so2Value` int NOT NULL DEFAULT '0' COMMENT 'so2实测浓度',
  `so2Level` int NOT NULL DEFAULT '1' COMMENT 'so2指数级别',
  `coValue` int NOT NULL DEFAULT '0' COMMENT 'co实测浓度',
  `coLevel` int NOT NULL DEFAULT '1' COMMENT 'co指数级别',
  `spmValue` int NOT NULL DEFAULT '0' COMMENT '实测悬浮颗粒物浓度',
  `spmLevel` int NOT NULL DEFAULT '1' COMMENT 'pm2.5指数级别',
  `aqiId` int NOT NULL DEFAULT '1' COMMENT '空气质量指数级别',
  `confirmDate` date DEFAULT NULL COMMENT '确认日期',
  `confirmTime` time DEFAULT NULL COMMENT '确认时间',
  `gId` int DEFAULT NULL COMMENT '网格员id',
  `sId` int NOT NULL DEFAULT '0' COMMENT '反馈者id',
  `fId` int DEFAULT NULL COMMENT '反馈信息id',
  `info` varchar(255) DEFAULT NULL COMMENT '实测备注',
  PRIMARY KEY (`id`) USING BTREE
) ENGINE=InnoDB AUTO_INCREMENT=140 DEFAULT CHARSET=utf8mb4 COLLATE=utf8mb4_0900_ai_ci ROW_FORMAT=DYNAMIC;

/*Data for the table `statistics` */

insert  into `statistics`(`id`,`pId`,`cId`,`tId`,`address`,`so2Value`,`so2Level`,`coValue`,`coLevel`,`spmValue`,`spmLevel`,`aqiId`,`confirmDate`,`confirmTime`,`gId`,`sId`,`fId`,`info`) values (1,19,47,48,'111',22,1,2,1,11,1,1,'2024-07-11','22:12:25',16,5,36,'222'),(2,21,118,119,'111',222,3,3,2,222,5,11,'2024-06-11','22:16:57',16,5,37,'33'),(35,1,4,9,'北京市东城区某路123号',35,2,1,1,50,2,2,'2024-05-11','08:30:00',16,5,1,'一般'),(36,1,4,10,'北京市朝阳区某路456号',40,2,1,1,55,2,11,'2024-07-11','09:00:00',16,5,2,'稍差'),(37,2,5,11,'河北省保定市莲池区某路789号',30,2,1,1,45,2,11,'2024-04-11','09:30:00',16,5,3,'良好'),(38,2,5,12,'河北省保定市安国市某路101号',50,3,1,2,65,3,11,'2024-05-11','10:00:00',16,5,4,'污染'),(39,2,6,13,'河北省廊坊市安次区某路102号',25,2,1,1,40,2,11,'2024-06-11','10:30:00',16,5,5,'良好'),(40,2,6,14,'河北省廊坊市大城县某路103号',45,3,1,2,60,3,11,'2024-07-11','11:00:00',16,5,6,'污染'),(41,3,7,15,'山东省青岛市即墨区某路104号',20,1,1,1,35,2,11,'2024-04-11','11:30:00',16,5,7,'优良'),(42,3,7,16,'山东省青岛市胶州市某路105号',38,2,1,1,52,2,11,'2024-05-11','12:00:00',16,5,8,'稍差'),(43,3,8,17,'山东省德州市德城区某路106号',33,2,1,1,48,2,11,'2024-05-11','12:30:00',16,5,9,'良好'),(44,3,8,18,'山东省德州市乐陵市某路107号',47,3,1,2,62,3,11,'2024-06-11','13:00:00',16,5,10,'污染'),(45,19,47,48,'天津市和平区某路108号',27,2,1,1,42,2,11,'2024-05-11','13:30:00',16,5,11,'良好'),(46,19,47,49,'天津市河东区某路109号',50,3,1,2,70,3,11,'2024-03-11','14:00:00',16,5,12,'污染'),(47,19,47,50,'天津市南开区某路110号',45,3,1,2,65,3,11,'2024-05-11','14:30:00',16,5,13,'污染'),(48,25,51,52,'上海市黄浦区某路111号',32,2,1,1,48,2,11,'2024-06-11','15:00:00',16,5,14,'良好'),(49,25,51,53,'上海市徐汇区某路112号',42,3,1,2,62,3,11,'2024-06-11','15:30:00',16,5,15,'污染'),(50,26,55,56,'江苏省南京市某路113号',28,2,1,1,38,2,11,'2024-07-11','16:00:00',16,5,16,'良好'),(51,26,55,57,'江苏省无锡市某路114号',35,2,1,1,50,2,11,'2024-07-11','16:30:00',16,5,17,'一般'),(52,27,58,59,'浙江省杭州市某路115号',30,2,1,1,45,2,2,'2024-07-11','17:00:00',16,5,18,'良好'),(53,27,58,60,'浙江省宁波市某路116号',40,2,1,1,55,2,15,'2024-07-11','17:30:00',16,5,19,'稍差'),(54,28,61,62,'安徽省合肥市某路117号',25,2,1,1,40,2,15,'2024-07-11','18:00:00',16,5,20,'良好'),(55,28,61,63,'安徽省芜湖市某路118号',38,2,1,1,52,2,15,'2024-07-11','18:30:00',16,5,21,'稍差'),(56,29,64,65,'福建省福州市某路119号',22,1,1,1,32,2,11,'2024-07-11','19:00:00',16,5,22,'优良'),(57,29,64,66,'福建省厦门市某路120号',30,2,1,1,45,2,11,'2024-07-11','19:30:00',16,5,23,'良好'),(58,30,67,68,'江西省南昌市某路121号',18,1,0,1,28,1,15,'2024-07-11','20:00:00',16,5,24,'优良'),(59,30,67,69,'江西省赣州市某路122号',40,2,1,1,55,2,5,'2024-06-13','20:30:00',16,5,25,'稍差'),(60,31,70,71,'河南省郑州市某路123号',32,2,1,1,48,2,2,'2024-06-13','21:00:00',16,5,26,'良好'),(61,31,70,72,'河南省开封市某路124号',42,3,1,2,62,3,3,'2024-06-13','21:30:00',16,5,27,'污染'),(62,32,73,74,'湖北省武汉市某路125号',28,2,1,1,38,2,15,'2024-06-13','22:00:00',16,5,28,'良好'),(63,32,73,75,'湖北省黄石市某路126号',35,2,1,1,50,2,2,'2024-06-13','22:30:00',16,5,29,'一般'),(64,33,76,77,'湖南省长沙市某路127号',30,2,1,1,45,2,15,'2024-06-13','23:00:00',16,5,30,'良好'),(65,33,76,78,'湖南省株洲市某路128号',38,2,1,1,52,2,5,'2024-06-13','23:30:00',16,5,31,'稍差'),(66,34,79,80,'广东省广州市某路129号',25,2,1,1,40,2,15,'2024-06-13','00:00:00',16,5,32,'良好'),(67,34,79,81,'广东省深圳市某路130号',35,2,1,1,50,2,15,'2024-06-13','00:30:00',16,5,33,'一般'),(68,35,82,83,'广西南宁市某路131号',22,1,1,1,32,2,15,'2024-06-13','01:00:00',16,5,34,'优良'),(69,35,82,84,'广西柳州市某路132号',30,2,1,1,45,2,15,'2024-06-13','01:30:00',16,5,35,'良好'),(70,36,85,86,'海南省海口市某路133号',18,1,0,1,28,1,15,'2024-06-13','02:00:00',16,5,36,'优良'),(71,36,85,87,'海南省三亚市某路134号',25,2,1,1,40,2,15,'2024-06-13','02:30:00',16,5,37,'良好'),(72,37,88,89,'重庆市万州区某路135号',30,2,1,1,45,2,12,'2024-06-13','03:00:00',16,5,38,'良好'),(73,37,88,90,'重庆市江北区某路136号',40,2,1,1,55,2,15,'2024-06-13','03:30:00',16,5,39,'稍差'),(74,38,91,92,'四川省成都市某路137号',25,2,1,1,40,2,15,'2024-06-13','04:00:00',16,5,40,'良好'),(75,38,91,93,'四川省绵阳市某路138号',35,2,1,1,50,2,11,'2024-06-13','04:30:00',16,5,41,'一般'),(76,39,94,95,'贵州省贵阳市某路139号',22,1,1,1,32,2,11,'2024-06-13','05:00:00',16,5,42,'优良'),(77,39,94,96,'贵州省遵义市某路140号',30,2,1,1,45,2,15,'2024-06-13','05:30:00',16,5,43,'良好'),(78,40,97,98,'云南省昆明市某路141号',18,1,0,1,28,1,15,'2024-06-13','06:00:00',16,5,44,'优良'),(79,40,97,99,'云南省曲靖市某路142号',25,2,1,1,40,2,12,'2024-06-13','06:30:00',16,5,45,'良好'),(80,41,100,101,'陕西省西安市某路143号',32,2,1,1,48,2,15,'2024-06-13','07:00:00',16,5,46,'良好'),(81,41,100,102,'陕西省宝鸡市某路144号',42,3,1,2,62,3,15,'2024-06-13','07:30:00',16,5,47,'污染'),(82,42,103,104,'甘肃省兰州市某路145号',28,2,1,1,38,2,15,'2024-06-13','08:00:00',16,5,48,'良好'),(83,42,103,105,'甘肃省天水市某路146号',35,2,1,1,50,2,13,'2024-05-09','08:30:00',16,5,49,'一般'),(84,43,106,107,'青海省西宁市某路147号',25,2,1,1,40,2,15,'2024-05-09','09:00:00',16,5,50,'良好'),(85,43,106,108,'青海省海东市某路148号',35,2,1,1,50,2,15,'2024-05-09','09:30:00',16,5,51,'一般'),(86,44,109,110,'西藏自治区拉萨市某路149号',22,1,1,1,32,2,15,'2024-05-09','10:00:00',16,5,52,'优良'),(87,44,109,111,'西藏自治区昌都市某路150号',30,2,1,1,45,2,11,'2024-05-09','10:30:00',16,5,53,'良好'),(88,45,112,113,'新疆维吾尔自治区乌鲁木齐市某路151号',18,1,0,1,28,1,15,'2024-05-09','11:00:00',16,5,54,'优良'),(89,45,112,114,'新疆维吾尔自治区克拉玛依市某路152号',25,2,1,1,40,2,15,'2024-05-09','11:30:00',16,5,55,'良好'),(90,42,103,105,'甘肃省天水市某路146号',35,2,1,1,50,2,2,'2024-05-09','08:30:00',16,5,49,'一般'),(91,43,106,107,'青海省西宁市某路147号',20,1,1,1,35,2,2,'2024-05-09','09:00:00',16,5,50,'优良'),(92,43,106,108,'青海省格尔木市某路148号',30,2,1,1,45,2,2,'2024-06-13','09:30:00',16,5,51,'良好'),(93,44,109,110,'台湾省台北市某路149号',25,2,1,1,40,2,2,'2024-06-13','10:00:00',16,5,52,'良好'),(94,44,109,111,'台湾省高雄市某路150号',35,2,1,1,50,2,2,'2024-06-13','10:30:00',16,5,53,'一般'),(95,45,112,113,'内蒙古呼和浩特市某路151号',22,1,1,1,32,2,2,'2024-06-13','11:00:00',16,5,54,'优良'),(96,45,112,114,'内蒙古包头市某路152号',30,2,1,1,45,2,2,'2024-06-13','11:30:00',16,5,55,'良好'),(97,46,115,116,'新疆乌鲁木齐市某路153号',25,2,1,1,40,2,2,'2024-06-13','12:00:00',16,5,56,'良好'),(98,46,115,117,'新疆喀什市某路154号',35,2,1,1,50,2,2,'2024-06-13','12:30:00',16,5,57,'一般'),(99,47,118,119,'西藏拉萨市某路155号',20,1,1,1,35,2,2,'2024-06-13','13:00:00',16,5,58,'优良'),(100,47,118,120,'西藏日喀则市某路156号',30,2,1,1,45,2,2,'2024-06-13','13:30:00',16,5,59,'良好'),(101,48,121,122,'宁夏银川市某路157号',25,2,1,1,40,2,2,'2024-06-13','14:00:00',16,5,60,'良好'),(102,48,121,123,'宁夏石嘴山市某路158号',35,2,1,1,50,2,2,'2024-06-13','14:30:00',16,5,61,'一般'),(103,42,103,105,'甘肃省天水市某路146号',35,2,1,1,50,2,2,'2024-06-13','08:30:00',16,5,49,'一般'),(104,43,106,107,'青海省西宁市某路147号',20,1,1,1,35,2,2,'2024-06-13','09:00:00',16,5,50,'优良'),(105,43,106,108,'青海省格尔木市某路148号',30,2,1,1,45,2,2,'2024-06-13','09:30:00',16,5,51,'良好'),(106,44,109,110,'台湾省台北市某路149号',25,2,1,1,40,2,2,'2024-06-13','10:00:00',16,5,52,'良好'),(107,44,109,111,'台湾省高雄市某路150号',35,2,1,1,50,2,2,'2024-06-13','10:30:00',16,5,53,'一般'),(108,45,112,113,'内蒙古呼和浩特市某路151号',22,1,1,1,32,2,2,'2024-06-13','11:00:00',16,5,54,'优良'),(109,45,112,114,'内蒙古包头市某路152号',30,2,1,1,45,2,2,'2024-06-13','11:30:00',16,5,55,'良好'),(110,46,115,116,'新疆乌鲁木齐市某路153号',25,2,1,1,40,2,2,'2024-06-13','12:00:00',16,5,56,'良好'),(111,46,115,117,'新疆喀什市某路154号',35,2,1,1,50,2,14,'2024-06-13','12:30:00',16,5,57,'一般'),(112,47,118,119,'西藏拉萨市某路155号',20,1,1,1,35,2,14,'2024-06-13','13:00:00',16,5,58,'优良'),(113,47,118,120,'西藏日喀则市某路156号',30,2,1,1,45,2,41,'2024-06-13','13:30:00',16,5,59,'良好'),(114,48,121,122,'宁夏银川市某路157号',25,2,1,1,40,2,14,'2024-06-13','14:00:00',16,5,60,'良好'),(115,48,121,123,'宁夏石嘴山市某路158号',35,2,1,1,50,2,14,'2024-06-13','14:30:00',16,5,61,'一般'),(116,38,92,355,'1111',4,1,4,2,3,1,14,'2024-06-13','23:53:20',16,5,38,'2'),(117,19,47,220,'11',4,1,4,2,3,1,14,'2024-06-13','23:53:23',16,5,40,'2'),(118,22,144,130,'去11',4,1,4,2,3,1,14,'2024-06-13','23:53:25',16,5,39,'2'),(119,2,5,125,'222',4,1,4,2,3,1,14,'2024-06-13','23:53:27',16,5,43,'2'),(120,2,5,124,'12',4,1,4,2,3,1,14,'2024-06-13','23:53:29',16,5,44,'2'),(121,25,51,233,'3',4,1,4,2,3,1,14,'2024-06-13','23:53:31',16,5,45,'2'),(122,25,51,232,'22',4,1,4,2,3,1,14,'2024-06-13','23:53:32',16,5,47,'2'),(123,25,51,52,'55',4,1,4,2,3,1,14,'2024-06-13','23:53:34',16,5,49,'2'),(124,25,51,52,'5',4,1,4,2,3,1,14,'2024-06-13','23:53:36',16,5,48,'2'),(125,25,51,52,'22',4,1,4,2,3,1,14,'2024-06-13','23:53:37',16,5,46,'2'),(126,21,118,119,'22',4,1,4,2,3,1,14,'2024-06-13','23:53:40',16,5,42,'2'),(127,21,118,119,'22',4,1,4,2,3,1,14,'2024-06-13','23:53:43',16,5,42,'2'),(128,38,92,355,'2',2599,6,5,2,5,1,6,'2024-07-12','00:00:05',16,5,50,'1'),(129,38,92,353,'22',2599,6,5,2,5,1,6,'2024-07-12','00:00:07',16,5,52,'1'),(130,38,92,353,'',2599,6,5,2,5,1,6,'2024-07-12','00:00:08',16,5,54,'1'),(131,21,118,119,'',2599,6,5,2,5,1,6,'2024-04-09','00:00:09',16,5,56,'1'),(132,38,92,353,'11',2599,6,5,2,5,1,6,'2024-04-09','00:00:11',16,5,53,'1'),(133,21,118,119,'',2599,6,5,2,5,1,6,'2024-04-09','00:00:13',16,5,59,'1'),(134,21,118,119,'',2599,6,5,2,5,1,6,'2024-04-09','00:00:14',16,5,57,'1'),(135,21,118,119,'',2599,6,5,2,5,1,6,'2024-04-09','00:00:15',16,5,61,'1'),(136,21,118,119,'2',2599,6,5,2,5,1,6,'2024-04-09','00:00:17',16,5,60,'1'),(137,21,118,119,'2',2599,6,5,2,5,1,6,'2024-04-09','00:00:19',16,5,58,'1'),(138,21,118,119,'2',2599,6,5,2,5,1,6,'2024-04-09','00:00:20',16,5,55,'1'),(139,38,92,354,'1',2599,6,5,2,5,1,6,'2024-07-12','00:00:24',16,5,51,'1');

/*Table structure for table `user` */

DROP TABLE IF EXISTS `user`;

CREATE TABLE `user` (
  `id` int NOT NULL AUTO_INCREMENT,
  `username` varchar(255) NOT NULL COMMENT '用户名',
  `password` varchar(255) NOT NULL DEFAULT '33333' COMMENT '密码',
  `name` varchar(255) DEFAULT NULL COMMENT '姓名',
  `telephone` varchar(255) DEFAULT NULL COMMENT '联系电话',
  `sex` int DEFAULT NULL COMMENT '性别\r\n0：男\r\n1：女\r\n',
  `birthday` varchar(255) DEFAULT NULL COMMENT '出生日期',
  `pId` int DEFAULT NULL COMMENT '省份id',
  `cId` int DEFAULT NULL COMMENT '城市id',
  `tId` int DEFAULT NULL COMMENT '县/区id',
  `state` int DEFAULT NULL COMMENT '网格员状态：\r\n0：可工作，\r\n1：临时抽调，\r\n2：休假，\r\n3：其他',
  `avatar` varchar(255) DEFAULT NULL COMMENT '头像信息',
  `roleId` int DEFAULT '3' COMMENT '角色id：\r\n1：系统管理员，\r\n2：网格员，\r\n3：公众监督员',
  PRIMARY KEY (`id`) USING BTREE
) ENGINE=InnoDB AUTO_INCREMENT=18 DEFAULT CHARSET=utf8mb4 COLLATE=utf8mb4_0900_ai_ci ROW_FORMAT=DYNAMIC;

/*Data for the table `user` */

insert  into `user`(`id`,`username`,`password`,`name`,`telephone`,`sex`,`birthday`,`pId`,`cId`,`tId`,`state`,`avatar`,`roleId`) values (1,'admin1','11111',NULL,NULL,NULL,NULL,NULL,NULL,NULL,NULL,NULL,1),(2,'zhangsan','22222','章杉','12222222221',1,'1997-06-18',1,4,9,1,'zhangsan.jpg',2),(3,'lisi','22222','里斯','12222222222',0,'1985-12-25',1,4,10,1,NULL,2),(4,'feiqin','22222','菲勤','12222222223',0,'2000-04-16',2,5,11,2,NULL,2),(5,'pangke','33333','庞克','13333333331',0,'1988-09-30',NULL,NULL,NULL,NULL,'pangke.jpg',3),(6,'wangzan','33333','王赞','13333333332',1,'2000-11-15',NULL,NULL,NULL,NULL,'wangzan.jpg',3),(7,'xinxin','33333','信心','13333333333',1,'1999-01-01',NULL,NULL,NULL,NULL,NULL,3),(8,'cookie','33333','王饼干','13333333334',1,'2000-11-25',NULL,NULL,NULL,NULL,NULL,3),(9,'liuxing','33333','流星','13333333335',1,'1988-08-07',NULL,NULL,NULL,NULL,NULL,3),(10,'zhaoer','33333','昭儿','13333333336',1,'1991-06-03',NULL,NULL,NULL,NULL,NULL,3),(11,'lisisi','33333','李思思','13333333337',0,'2006-09-03',NULL,NULL,NULL,NULL,NULL,3),(12,'aaaaa','22222','aaa','12222222226',0,'2023-09-03',2,5,12,1,NULL,2),(13,'zhaoxiao','22222','赵晓','12222222224',0,'1995-12-27',2,6,13,1,NULL,2),(14,'kangkai','22222','康恺','12222222225',1,'1992-03-04',2,6,14,0,NULL,2),(15,'xukang','22222','徐康','12222222228',1,'2023-09-04',3,7,15,2,NULL,2),(16,'qiqi','22222','七七','12222222227',1,'1997-07-07',2,5,11,0,NULL,2),(17,'xiangdong','22222','向东','12222222229',0,'2000-03-24',1,4,10,0,NULL,2);

/*Table structure for table `userrole` */

DROP TABLE IF EXISTS `userrole`;

CREATE TABLE `userrole` (
  `id` int NOT NULL AUTO_INCREMENT,
  `role` varchar(255) DEFAULT NULL,
  PRIMARY KEY (`id`) USING BTREE
) ENGINE=InnoDB AUTO_INCREMENT=4 DEFAULT CHARSET=utf8mb4 COLLATE=utf8mb4_0900_ai_ci ROW_FORMAT=DYNAMIC;

/*Data for the table `userrole` */

insert  into `userrole`(`id`,`role`) values (1,'系统管理员'),(2,'网格员'),(3,'公众监督员');

/*!40101 SET SQL_MODE=@OLD_SQL_MODE */;
/*!40014 SET FOREIGN_KEY_CHECKS=@OLD_FOREIGN_KEY_CHECKS */;
/*!40014 SET UNIQUE_CHECKS=@OLD_UNIQUE_CHECKS */;
/*!40111 SET SQL_NOTES=@OLD_SQL_NOTES */;
